<?xml version='1.0' encoding='UTF-8'?><ExportedObjects xmlns:d="http://www.w3.org/2001/XMLSchema" xmlns:e="http://www.w3.org/2003/05/soap-envelope" xmlns:xop="http://www.w3.org/2004/08/xop/include" xmlns:wn0="http://www.filenet.com/ns/fnce/2006/11/ws/schema" xmlns:wn1="http://schemas.xmlsoap.org/ws/2002/04/reference/" xmlns:wn2="http://www.filenet.com/ns/fnce/2006/11/ws/MTOM/schema" xmlns:i="http://www.w3.org/2001/XMLSchema-instance" xmlns="http://www.filenet.com/ns/fnce/2006/11/ws/schema"><ExportedObject><ObjectValue i:type="ObjectValue" classId="Document" objectId="{8D4ED8A0-0000-C2FD-9DEE-7B0E60AAD278}" objectStore="{4A31C3D8-BDB9-432C-939F-19ACAF97F00A}" updateSequenceNumber="1" accessAllowed="998911"><Property i:type="SingletonObject" propertyId="ClassDescription" settable="1"><Value i:type="ObjectReference" classId="ClassDescription" objectId="{01A3A8C2-7AEC-11D1-A31B-0020AF9FBB1C}" objectStore="{4A31C3D8-BDB9-432C-939F-19ACAF97F00A}"/></Property><Property i:type="SingletonDateTime" propertyId="CmRetentionDate" settable="1"/><Property i:type="SingletonString" propertyId="ComponentBindingLabel" settable="1"/><Property i:type="SingletonInteger32" propertyId="CompoundDocumentState" settable="1"><Value>0</Value></Property><Property i:type="ListOfObject" propertyId="ContentElements" settable="1"><Value i:type="DependentObjectType" classId="ContentTransfer"><Property i:type="SingletonObject" propertyId="ClassDescription" settable="1"><Value i:type="ObjectReference" classId="ClassDescription" objectId="{01A3A8C4-7AEC-11D1-A31B-0020AF9FBB1C}" objectStore="{4A31C3D8-BDB9-432C-939F-19ACAF97F00A}"/></Property><Property i:type="SingletonString" propertyId="Content" settable="1"><Value>FN18/FN6/FN15/FN{8D4ED8A0-0000-C2FD-9DEE-7B0E60AAD278}.0</Value></Property><Property i:type="SingletonString" propertyId="ContentType" settable="1"><Value>text/xml</Value></Property><Property i:type="SingletonInteger32" propertyId="ElementSequenceNumber" settable="1"><Value>0</Value></Property><Property i:type="SingletonString" propertyId="RetrievalName" settable="1"><Value>security.xml</Value></Property></Value></Property><Property i:type="SingletonString" propertyId="Creator" settable="1"><Value>cp4admin</Value></Property><Property i:type="SingletonDateTime" propertyId="DateCheckedIn" settable="1"><Value>2024-01-28T06:53:56.704Z</Value></Property><Property i:type="SingletonDateTime" propertyId="DateCreated" settable="1"><Value>2024-01-28T06:53:56.702Z</Value></Property><Property i:type="SingletonDateTime" propertyId="DateLastModified" settable="1"><Value>2024-01-28T06:53:56.773Z</Value></Property><Property i:type="SingletonObject" propertyId="DocumentLifecyclePolicy" settable="1"/><Property i:type="SingletonString" propertyId="DocumentTitle" settable="1"><Value>MySecCfgDCWD</Value></Property><Property i:type="SingletonId" propertyId="EntryTemplateId" settable="1"/><Property i:type="SingletonString" propertyId="EntryTemplateLaunchedWorkflowNumber" settable="1"/><Property i:type="SingletonString" propertyId="EntryTemplateObjectStoreName" settable="1"/><Property i:type="ListOfObject" propertyId="ExternalReplicaIdentities" settable="1"/><Property i:type="SingletonBoolean" propertyId="IgnoreRedirect" settable="1"/><Property i:type="SingletonBoolean" propertyId="IsReserved" settable="1"><Value>0</Value></Property><Property i:type="SingletonString" propertyId="LastModifier" settable="1"><Value>cp4admin</Value></Property><Property i:type="SingletonInteger32" propertyId="MajorVersionNumber" settable="1"><Value>1</Value></Property><Property i:type="SingletonString" propertyId="MimeType" settable="1"><Value>text/xml</Value></Property><Property i:type="SingletonInteger32" propertyId="MinorVersionNumber" settable="1"><Value>0</Value></Property><Property i:type="SingletonString" propertyId="Name" settable="1"><Value>MySecCfgDCWD</Value></Property><Property i:type="SingletonObject" propertyId="Owner" settable="1"><Value i:type="ObjectValue" classId="User" objectId="S-1-95-627337589-1885553715-1835295028-841313897-627270723-2019902515-1819307361-1127359845-858088292-1735552836-67108864"><Property i:type="SingletonString" propertyId="DisplayName"><Value>cp4admin</Value></Property><Property i:type="SingletonString" propertyId="Id"><Value>S-1-95-627337589-1885553715-1835295028-841313897-627270723-2019902515-1819307361-1127359845-858088292-1735552836-67108864</Value></Property><Property i:type="SingletonString" propertyId="Name" settable="1"><Value>uid=cp4admin,dc=example,dc=org</Value></Property><Property i:type="SingletonString" propertyId="ShortName"><Value>cp4admin</Value></Property></Value></Property><Property i:type="ListOfObject" propertyId="Permissions" settable="1"><Value i:type="DependentObjectType" classId="AccessPermission"><Property i:type="SingletonInteger32" propertyId="AccessMask" settable="1"><Value>998903</Value></Property><Property i:type="SingletonInteger32" propertyId="AccessType" settable="1"><Value>1</Value></Property><Property i:type="SingletonObject" propertyId="ClassDescription" settable="1"><Value i:type="ObjectReference" classId="ClassDescription" objectId="{D70CE8D3-4DD4-4BDF-AADA-8FA3B2B3BB49}"/></Property><Property i:type="SingletonObject" propertyId="GranteeName" settable="1"><Value serializationDuplicate="1" i:type="ObjectReference" classId="User" objectId="S-1-95-627337589-1885553715-1835295028-841313897-627270723-2019902515-1819307361-1127359845-858088292-1735552836-67108864"/></Property><Property i:type="SingletonInteger32" propertyId="InheritableDepth" settable="1"><Value>0</Value></Property></Value><Value i:type="DependentObjectType" classId="AccessPermission"><Property i:type="SingletonInteger32" propertyId="AccessMask" settable="1"><Value>131201</Value></Property><Property i:type="SingletonInteger32" propertyId="AccessType" settable="1"><Value>1</Value></Property><Property i:type="SingletonObject" propertyId="ClassDescription" settable="1"><Value i:type="ObjectReference" classId="ClassDescription" objectId="{D70CE8D3-4DD4-4BDF-AADA-8FA3B2B3BB49}"/></Property><Property i:type="SingletonString" propertyId="GranteeName" settable="1"><Value>#AUTHENTICATED-USERS</Value></Property><Property i:type="SingletonInteger32" propertyId="InheritableDepth" settable="1"><Value>0</Value></Property></Value><Value i:type="DependentObjectType" classId="AccessPermission"><Property i:type="SingletonInteger32" propertyId="AccessMask" settable="1"><Value>131201</Value></Property><Property i:type="SingletonInteger32" propertyId="AccessType" settable="1"><Value>1</Value></Property><Property i:type="SingletonObject" propertyId="ClassDescription" settable="1"><Value i:type="ObjectReference" classId="ClassDescription" objectId="{D70CE8D3-4DD4-4BDF-AADA-8FA3B2B3BB49}"/></Property><Property i:type="SingletonObject" propertyId="GranteeName" settable="1"><Value i:type="ObjectValue" classId="Group" objectId="S-1-96-858091107-1600480068-1769369189-1835954034-1869901413-1919250039-1127359859-858088292-1635280196-1701605485-1682125349-1144202595-23556719"><Property i:type="SingletonString" propertyId="DisplayName"><Value>CE_EnvironmentOwners</Value></Property><Property i:type="SingletonString" propertyId="Id"><Value>S-1-96-858091107-1600480068-1769369189-1835954034-1869901413-1919250039-1127359859-858088292-1635280196-1701605485-1682125349-1144202595-23556719</Value></Property><Property i:type="SingletonString" propertyId="Name" settable="1"><Value>cn=ce_environmentowners,dc=example,dc=org</Value></Property><Property i:type="SingletonString" propertyId="ShortName"><Value>CE_EnvironmentOwners</Value></Property></Value></Property><Property i:type="SingletonInteger32" propertyId="InheritableDepth" settable="1"><Value>0</Value></Property></Value><Value i:type="DependentObjectType" classId="AccessPermission"><Property i:type="SingletonInteger32" propertyId="AccessMask" settable="1"><Value>131201</Value></Property><Property i:type="SingletonInteger32" propertyId="AccessType" settable="1"><Value>1</Value></Property><Property i:type="SingletonObject" propertyId="ClassDescription" settable="1"><Value i:type="ObjectReference" classId="ClassDescription" objectId="{D70CE8D3-4DD4-4BDF-AADA-8FA3B2B3BB49}"/></Property><Property i:type="SingletonObject" propertyId="GranteeName" settable="1"><Value i:type="ObjectValue" classId="Group" objectId="S-1-96-858091107-1631088708-1852403044-1920234345-1919906913-1127359859-858088292-1635280196-1701605485-1682125349-1144202595-23556719"><Property i:type="SingletonString" propertyId="DisplayName"><Value>P8Administrators</Value></Property><Property i:type="SingletonString" propertyId="Id"><Value>S-1-96-858091107-1631088708-1852403044-1920234345-1919906913-1127359859-858088292-1635280196-1701605485-1682125349-1144202595-23556719</Value></Property><Property i:type="SingletonString" propertyId="Name" settable="1"><Value>cn=p8administrators,dc=example,dc=org</Value></Property><Property i:type="SingletonString" propertyId="ShortName"><Value>P8Administrators</Value></Property></Value></Property><Property i:type="SingletonInteger32" propertyId="InheritableDepth" settable="1"><Value>0</Value></Property></Value></Property><Property i:type="SingletonObject" propertyId="SecurityFolder" settable="1"><Value i:type="ObjectSpecification" classId="Folder" path="/IBM Case Manager/Security Configurations/DemoCaseWorkflowDocuments" objectStore="{4A31C3D8-BDB9-432C-939F-19ACAF97F00A}"/></Property><Property i:type="SingletonObject" propertyId="SecurityPolicy" settable="1"/><Property i:type="SingletonObject" propertyId="StorageArea" settable="1"><Value i:type="ObjectReference" classId="StorageArea" objectId="{35750B49-4D8C-411B-9C5E-4B6C3F67027A}" objectStore="{4A31C3D8-BDB9-432C-939F-19ACAF97F00A}"/></Property><Property i:type="SingletonObject" propertyId="StoragePolicy" settable="1"><Value i:type="ObjectReference" classId="StoragePolicy" objectId="{4BD38204-C3A3-475A-8FC4-611452457246}" objectStore="{4A31C3D8-BDB9-432C-939F-19ACAF97F00A}"/></Property><Property i:type="SingletonObject" propertyId="VersionSeries" settable="1"><Value i:type="ObjectReference" classId="VersionSeries" objectId="{8D4ED8A0-0000-C32E-8DB6-293EF234340F}" objectStore="{4A31C3D8-BDB9-432C-939F-19ACAF97F00A}"/></Property><Property i:type="SingletonInteger32" propertyId="VersionStatus" settable="1"><Value>1</Value></Property></ObjectValue></ExportedObject><ExportedObject><ObjectValue i:type="ObjectValue" classId="DynamicReferentialContainmentRelationship" objectId="{8D4ED8A0-0000-C327-A878-C201F97893A3}" objectStore="{4A31C3D8-BDB9-432C-939F-19ACAF97F00A}" updateSequenceNumber="0" accessAllowed="999423"><Property i:type="SingletonObject" propertyId="ClassDescription" settable="1"><Value i:type="ObjectReference" classId="ClassDescription" objectId="{D32E4F77-AFB2-11D2-8BD6-00E0290F729A}" objectStore="{4A31C3D8-BDB9-432C-939F-19ACAF97F00A}"/></Property><Property i:type="SingletonString" propertyId="ContainmentName" settable="1"><Value>MySecCfgDCWD</Value></Property><Property i:type="SingletonString" propertyId="Creator" settable="1"><Value>cp4admin</Value></Property><Property i:type="SingletonDateTime" propertyId="DateCreated" settable="1"><Value>2024-01-28T06:53:56.756Z</Value></Property><Property i:type="SingletonDateTime" propertyId="DateLastModified" settable="1"><Value>2024-01-28T06:53:56.756Z</Value></Property><Property i:type="ListOfObject" propertyId="ExternalReplicaIdentities" settable="1"/><Property i:type="SingletonObject" propertyId="Head" settable="1"><Value i:type="ObjectReference" classId="Document" objectId="{8D4ED8A0-0000-C2FD-9DEE-7B0E60AAD278}" objectStore="{4A31C3D8-BDB9-432C-939F-19ACAF97F00A}"/></Property><Property i:type="SingletonString" propertyId="LastModifier" settable="1"><Value>cp4admin</Value></Property><Property i:type="SingletonString" propertyId="Name" settable="1"><Value>MySecCfgDCWD</Value></Property><Property i:type="SingletonObject" propertyId="Tail" settable="1"><Value i:type="ObjectSpecification" classId="Folder" path="/IBM Case Manager/Security Configurations/DemoCaseWorkflowDocuments" objectStore="{4A31C3D8-BDB9-432C-939F-19ACAF97F00A}"/></Property><Property i:type="SingletonObject" propertyId="VersionSeries" settable="1"><Value i:type="ObjectReference" classId="VersionSeries" objectId="{8D4ED8A0-0000-C32E-8DB6-293EF234340F}" objectStore="{4A31C3D8-BDB9-432C-939F-19ACAF97F00A}"/></Property></ObjectValue></ExportedObject></ExportedObjects>