<?xml version="1.0" encoding="UTF-8"?>
<ExportObjectList version="1">
	<Object>
		<Name>MySecCfgDCWD</Name>
		<ClassName>Document</ClassName>
		<Id>{8D4ED8A0-0000-C2FD-9DEE-7B0E60AAD278}</Id>
		<ObjectStoreId>{4A31C3D8-BDB9-432C-939F-19ACAF97F00A}</ObjectStoreId>
	</Object>
	<Object>
		<Name>MySecCfgDCWD</Name>
		<ClassName>DynamicReferentialContainmentRelationship</ClassName>
		<Id>{8D4ED8A0-0000-C327-A878-C201F97893A3}</Id>
		<ObjectStoreId>{4A31C3D8-BDB9-432C-939F-19ACAF97F00A}</ObjectStoreId>
	</Object>
</ExportObjectList>
